{"0":{"Latitude":4156.3761,"Longitude":-8846.4735,"Direction":14.7279543102},"1":{"Latitude":4156.3768,"Longitude":-8846.4732,"Direction":15.5192744133},"2":{"Latitude":4156.3763,"Longitude":-8846.4734,"Direction":19.8054884232},"3":{"Latitude":4156.3766,"Longitude":-8846.4733,"Direction":24.4771340004},"4":{"Latitude":4156.3766,"Longitude":-8846.4733,"Direction":28.1356500316},"5":{"Latitude":4156.3767,"Longitude":-8846.4733,"Direction":25.6721676075},"6":{"Latitude":4156.3768,"Longitude":-8846.4732,"Direction":33.8286795014},"7":{"Latitude":4156.3769,"Longitude":-8846.4732,"Direction":28.9856768788},"8":{"Latitude":4156.377,"Longitude":-8846.4731,"Direction":36.2721988262},"9":{"Latitude":4156.377,"Longitude":-8846.4731,"Direction":33.6821918175},"10":{"Latitude":4156.3771,"Longitude":-8846.473,"Direction":30.0995298123},"11":{"Latitude":4156.3772,"Longitude":-8846.473,"Direction":31.2176649206},"12":{"Latitude":4156.3773,"Longitude":-8846.4729,"Direction":35.135881604},"13":{"Latitude":4156.3774,"Longitude":-8846.4729,"Direction":36.6132352811},"14":{"Latitude":4156.3775,"Longitude":-8846.4728,"Direction":34.3440438321},"15":{"Latitude":4156.3776,"Longitude":-8846.4727,"Direction":33.1485356413},"16":{"Latitude":4156.3777,"Longitude":-8846.4727,"Direction":31.9895337536},"17":{"Latitude":4156.3778,"Longitude":-8846.4726,"Direction":31.1815707199},"18":{"Latitude":4156.3779,"Longitude":-8846.4726,"Direction":30.871805467},"19":{"Latitude":4156.378,"Longitude":-8846.4725,"Direction":29.2289845473},"20":{"Latitude":4156.3781,"Longitude":-8846.4724,"Direction":32.6082086407},"21":{"Latitude":4156.3783,"Longitude":-8846.4724,"Direction":33.7310340423},"22":{"Latitude":4156.3784,"Longitude":-8846.4723,"Direction":34.153411031},"23":{"Latitude":4156.3785,"Longitude":-8846.4722,"Direction":35.0238280756},"24":{"Latitude":4156.3786,"Longitude":-8846.4721,"Direction":32.7588518975},"25":{"Latitude":4156.3787,"Longitude":-8846.472,"Direction":36.0599710183},"26":{"Latitude":4156.3788,"Longitude":-8846.472,"Direction":28.8482782867},"27":{"Latitude":4156.3789,"Longitude":-8846.4719,"Direction":33.3021031865},"28":{"Latitude":4156.3789,"Longitude":-8846.4719,"Direction":26.44408912},"29":{"Latitude":4156.3791,"Longitude":-8846.4718,"Direction":23.1985905136},"30":{"Latitude":4156.3792,"Longitude":-8846.4718,"Direction":22.8750296033},"31":{"Latitude":4156.3793,"Longitude":-8846.4717,"Direction":23.0565938291},"32":{"Latitude":4156.3794,"Longitude":-8846.4717,"Direction":19.160414757},"33":{"Latitude":4156.3795,"Longitude":-8846.4716,"Direction":20.6627685598},"34":{"Latitude":4156.3796,"Longitude":-8846.4716,"Direction":19.534697179},"35":{"Latitude":4156.3797,"Longitude":-8846.4715,"Direction":23.1349374033},"36":{"Latitude":4156.3798,"Longitude":-8846.4715,"Direction":18.292015956},"37":{"Latitude":4156.3799,"Longitude":-8846.4715,"Direction":20.8502108666},"38":{"Latitude":4156.38,"Longitude":-8846.4714,"Direction":20.1889925126},"39":{"Latitude":4156.3802,"Longitude":-8846.4714,"Direction":8.2864609072},"40":{"Latitude":4156.3803,"Longitude":-8846.4713,"Direction":9.9238057619},"41":{"Latitude":4156.3805,"Longitude":-8846.4713,"Direction":12.6460349449},"42":{"Latitude":4156.3806,"Longitude":-8846.4713,"Direction":9.3463501862},"43":{"Latitude":4156.3807,"Longitude":-8846.4713,"Direction":11.8660561554},"44":{"Latitude":4156.3808,"Longitude":-8846.4712,"Direction":8.5709010649},"45":{"Latitude":4156.381,"Longitude":-8846.4712,"Direction":11.5846361613},"46":{"Latitude":4156.3811,"Longitude":-8846.4712,"Direction":6.7397479418},"47":{"Latitude":4156.3813,"Longitude":-8846.4712,"Direction":9.0889380154},"48":{"Latitude":4156.3814,"Longitude":-8846.4712,"Direction":4.1660786411},"49":{"Latitude":4156.3816,"Longitude":-8846.4712,"Direction":4.6171186384},"50":{"Latitude":4156.3816,"Longitude":-8846.4712,"Direction":7.2463640642},"51":{"Latitude":4156.3818,"Longitude":-8846.4712,"Direction":7.0414774669},"52":{"Latitude":4156.3819,"Longitude":-8846.4712,"Direction":7.5925502192},"53":{"Latitude":4156.382,"Longitude":-8846.4712,"Direction":10.6442953598},"54":{"Latitude":4156.3822,"Longitude":-8846.4712,"Direction":12.8140983923},"55":{"Latitude":4156.3823,"Longitude":-8846.4712,"Direction":8.4304012081},"56":{"Latitude":4156.3825,"Longitude":-8846.4711,"Direction":10.3583860101},"57":{"Latitude":4156.3826,"Longitude":-8846.4711,"Direction":10.1853772344},"58":{"Latitude":4156.3827,"Longitude":-8846.4712,"Direction":8.2161966237},"59":{"Latitude":4156.3828,"Longitude":-8846.4712,"Direction":8.5665822804},"60":{"Latitude":4156.3828,"Longitude":-8846.4712,"Direction":13.5308165222},"61":{"Latitude":4156.3829,"Longitude":-8846.4712,"Direction":8.0316560945},"62":{"Latitude":4156.3831,"Longitude":-8846.4712,"Direction":16.389540334},"63":{"Latitude":4156.3832,"Longitude":-8846.4712,"Direction":10.7484831439},"64":{"Latitude":4156.3833,"Longitude":-8846.4713,"Direction":13.6241625948},"65":{"Latitude":4156.3833,"Longitude":-8846.4713,"Direction":14.1545089794},"66":{"Latitude":4156.3835,"Longitude":-8846.4713,"Direction":17.0681926384},"67":{"Latitude":4156.3836,"Longitude":-8846.4713,"Direction":13.6827096014},"68":{"Latitude":4156.3837,"Longitude":-8846.4712,"Direction":13.3353403743},"69":{"Latitude":4156.3839,"Longitude":-8846.4712,"Direction":15.8677284378},"70":{"Latitude":4156.3839,"Longitude":-8846.4712,"Direction":17.3104652314},"71":{"Latitude":4156.384,"Longitude":-8846.4712,"Direction":4.189883393},"72":{"Latitude":4156.3842,"Longitude":-8846.4711,"Direction":8.4307375716},"73":{"Latitude":4156.3843,"Longitude":-8846.4712,"Direction":9.2319943028},"74":{"Latitude":4156.3844,"Longitude":-8846.4712,"Direction":9.5019028251},"75":{"Latitude":4156.3845,"Longitude":-8846.4712,"Direction":10.8640599221},"76":{"Latitude":4156.3846,"Longitude":-8846.4712,"Direction":10.9758500823},"77":{"Latitude":4156.3847,"Longitude":-8846.4712,"Direction":10.229753747},"78":{"Latitude":4156.3849,"Longitude":-8846.4711,"Direction":10.7405364495},"79":{"Latitude":4156.385,"Longitude":-8846.4712,"Direction":9.8535738397},"80":{"Latitude":4156.3851,"Longitude":-8846.4712,"Direction":12.4976931273},"81":{"Latitude":4156.3851,"Longitude":-8846.4712,"Direction":12.5395446282},"82":{"Latitude":4156.3853,"Longitude":-8846.4712,"Direction":8.6391790824},"83":{"Latitude":4156.3854,"Longitude":-8846.4712,"Direction":13.4747643413},"84":{"Latitude":4156.3855,"Longitude":-8846.4712,"Direction":11.1954428361},"85":{"Latitude":4156.3856,"Longitude":-8846.4712,"Direction":16.5141639102},"86":{"Latitude":4156.3856,"Longitude":-8846.4712,"Direction":6.2169284266},"87":{"Latitude":4156.3858,"Longitude":-8846.4712,"Direction":10.667140579},"88":{"Latitude":4156.3859,"Longitude":-8846.4712,"Direction":12.7678211554},"89":{"Latitude":4156.386,"Longitude":-8846.4712,"Direction":13.7852673757},"90":{"Latitude":4156.3861,"Longitude":-8846.4712,"Direction":11.3995370606},"91":{"Latitude":4156.3863,"Longitude":-8846.4713,"Direction":15.4037455539},"92":{"Latitude":4156.3864,"Longitude":-8846.4713,"Direction":14.8061014103},"93":{"Latitude":4156.3865,"Longitude":-8846.4713,"Direction":17.2067754157},"94":{"Latitude":4156.3866,"Longitude":-8846.4713,"Direction":16.3822881628},"95":{"Latitude":4156.3867,"Longitude":-8846.4713,"Direction":12.1063812967},"96":{"Latitude":4156.3868,"Longitude":-8846.4713,"Direction":19.5269352226},"97":{"Latitude":4156.3869,"Longitude":-8846.4713,"Direction":16.7978085284},"98":{"Latitude":4156.387,"Longitude":-8846.4713,"Direction":12.6285601212},"99":{"Latitude":4156.3871,"Longitude":-8846.4713,"Direction":7.696051722},"100":{"Latitude":4156.3872,"Longitude":-8846.4713,"Direction":11.5751888174},"101":{"Latitude":4156.3874,"Longitude":-8846.4713,"Direction":17.9816688848},"102":{"Latitude":4156.3875,"Longitude":-8846.4713,"Direction":14.043558134},"103":{"Latitude":4156.3875,"Longitude":-8846.4713,"Direction":14.6438926119},"104":{"Latitude":4156.3876,